Workbook
Name Modules: OFFSET(Lists!$A$2,0,0,MAX(1,COUNTA(Lists!$A$2:$A$200)),1)
Name Severities: OFFSET(Lists!$B$2,0,0,MAX(1,COUNTA(Lists!$B$2:$B$200)),1)
Name Statuses: OFFSET(Lists!$C$2,0,0,MAX(1,COUNTA(Lists!$C$2:$C$200)),1)
Name RolesList: OFFSET(Lists!$D$2,0,0,MAX(1,COUNTA(Lists!$D$2:$D$200)),1)
Name Devices: OFFSET(Lists!$E$2,0,0,MAX(1,COUNTA(Lists!$E$2:$E$200)),1)

Sheet Defects
A1: ID | B1: Date raised | C1: Raised by | D1: Module | E1: Role when seen | F1: Device | G1: Summary | H1: Steps to reproduce | I1: Expected result | J1: Actual result | K1: Severity | L1: Status | M1: Assigned to | N1: Date closed | O1: Notes
A2: =IF(COUNTA(B2:O2)=0,"","D-"&TEXT(ROW()-1,"000"))
A3: =IF(COUNTA(B3:O3)=0,"","D-"&TEXT(ROW()-1,"000"))
A4: =IF(COUNTA(B4:O4)=0,"","D-"&TEXT(ROW()-1,"000"))
A5: =IF(COUNTA(B5:O5)=0,"","D-"&TEXT(ROW()-1,"000"))
A6: =IF(COUNTA(B6:O6)=0,"","D-"&TEXT(ROW()-1,"000"))
A7: =IF(COUNTA(B7:O7)=0,"","D-"&TEXT(ROW()-1,"000"))
A8: =IF(COUNTA(B8:O8)=0,"","D-"&TEXT(ROW()-1,"000"))
A9: =IF(COUNTA(B9:O9)=0,"","D-"&TEXT(ROW()-1,"000"))
A10: =IF(COUNTA(B10:O10)=0,"","D-"&TEXT(ROW()-1,"000"))
A11: =IF(COUNTA(B11:O11)=0,"","D-"&TEXT(ROW()-1,"000"))
A12: =IF(COUNTA(B12:O12)=0,"","D-"&TEXT(ROW()-1,"000"))
A13: =IF(COUNTA(B13:O13)=0,"","D-"&TEXT(ROW()-1,"000"))
... A300: =IF(COUNTA(B300:O300)=0,"","D-"&TEXT(ROW()-1,"000"))

Sheet Lists
A1: Modules | B1: Severity | C1: Status | D1: Role | E1: Device | G1: Add a row to any column above and it appears in that dropdown straight away.
A2: Sign-in & sessions | B2: Critical | C2: Open | D2: Owner | E2: Laptop
A3: First-run setup | B3: Major | C3: In progress | D3: Manager | E3: Phone
A4: Dashboard | B4: Minor | C4: Fixed — to retest | D4: Service advisor | E4: Tablet
A5: Orders list | B5: Cosmetic | C5: Retest failed | D5: Technician | E5: Any device
A6: Job panel — Overview | C6: Closed | D6: Signed out
A7: Job panel — Inspection | C7: Won't fix | D7: Any role
A8: Job panel — Quote & items | C8: Duplicate
A9: Job panel — Notes | C9: Cannot reproduce
A10: Quotation document
A11: Payment & money owed
A12: Inventory — Parts
A13: Inventory — Purchase orders
A14: Inventory — Suppliers
A15: Inventory — Stock history
A16: Customers & follow-ups
A17: Reports
A18: Insights
A19: Settings — General
A20: Settings — Users
A21: Settings — Roles
... A25: Other

Sheet Summary
A1: Where the defects are
A2: Counts update themselves as the log is filled in.
A4: Module | B4: Open | C4: Critical | D4: Major | E4: Total
A5: =Lists!A2 | B5: =COUNTIFS(Defects!$D:$D,$A5,Defects!$L:$L,"Open") | C5: =COUNTIFS(Defects!$D:$D,$A5,Defects!$K:$K,"Critical") | D5: =COUNTIFS(Defects!$D:$D,$A5,Defects!$K:$K,"Major") | E5: =COUNTIF(Defects!$D:$D,$A5)
A6: =Lists!A3 | B6: =COUNTIFS(Defects!$D:$D,$A6,Defects!$L:$L,"Open") | C6: =COUNTIFS(Defects!$D:$D,$A6,Defects!$K:$K,"Critical") | D6: =COUNTIFS(Defects!$D:$D,$A6,Defects!$K:$K,"Major") | E6: =COUNTIF(Defects!$D:$D,$A6)
A7: =Lists!A4 | B7: =COUNTIFS(Defects!$D:$D,$A7,Defects!$L:$L,"Open") | C7: =COUNTIFS(Defects!$D:$D,$A7,Defects!$K:$K,"Critical") | D7: =COUNTIFS(Defects!$D:$D,$A7,Defects!$K:$K,"Major") | E7: =COUNTIF(Defects!$D:$D,$A7)
A8: =Lists!A5 | B8: =COUNTIFS(Defects!$D:$D,$A8,Defects!$L:$L,"Open") | C8: =COUNTIFS(Defects!$D:$D,$A8,Defects!$K:$K,"Critical") | D8: =COUNTIFS(Defects!$D:$D,$A8,Defects!$K:$K,"Major") | E8: =COUNTIF(Defects!$D:$D,$A8)
A9: =Lists!A6 | B9: =COUNTIFS(Defects!$D:$D,$A9,Defects!$L:$L,"Open") | C9: =COUNTIFS(Defects!$D:$D,$A9,Defects!$K:$K,"Critical") | D9: =COUNTIFS(Defects!$D:$D,$A9,Defects!$K:$K,"Major") | E9: =COUNTIF(Defects!$D:$D,$A9)
A10: =Lists!A7 | B10: =COUNTIFS(Defects!$D:$D,$A10,Defects!$L:$L,"Open") | C10: =COUNTIFS(Defects!$D:$D,$A10,Defects!$K:$K,"Critical") | D10: =COUNTIFS(Defects!$D:$D,$A10,Defects!$K:$K,"Major") | E10: =COUNTIF(Defects!$D:$D,$A10)
A11: =Lists!A8 | B11: =COUNTIFS(Defects!$D:$D,$A11,Defects!$L:$L,"Open") | C11: =COUNTIFS(Defects!$D:$D,$A11,Defects!$K:$K,"Critical") | D11: =COUNTIFS(Defects!$D:$D,$A11,Defects!$K:$K,"Major") | E11: =COUNTIF(Defects!$D:$D,$A11)
A12: =Lists!A9 | B12: =COUNTIFS(Defects!$D:$D,$A12,Defects!$L:$L,"Open") | C12: =COUNTIFS(Defects!$D:$D,$A12,Defects!$K:$K,"Critical") | D12: =COUNTIFS(Defects!$D:$D,$A12,Defects!$K:$K,"Major") | E12: =COUNTIF(Defects!$D:$D,$A12)
A13: =Lists!A10 | B13: =COUNTIFS(Defects!$D:$D,$A13,Defects!$L:$L,"Open") | C13: =COUNTIFS(Defects!$D:$D,$A13,Defects!$K:$K,"Critical") | D13: =COUNTIFS(Defects!$D:$D,$A13,Defects!$K:$K,"Major") | E13: =COUNTIF(Defects!$D:$D,$A13)
A14: =Lists!A11 | B14: =COUNTIFS(Defects!$D:$D,$A14,Defects!$L:$L,"Open") | C14: =COUNTIFS(Defects!$D:$D,$A14,Defects!$K:$K,"Critical") | D14: =COUNTIFS(Defects!$D:$D,$A14,Defects!$K:$K,"Major") | E14: =COUNTIF(Defects!$D:$D,$A14)
A15: =Lists!A12 | B15: =COUNTIFS(Defects!$D:$D,$A15,Defects!$L:$L,"Open") | C15: =COUNTIFS(Defects!$D:$D,$A15,Defects!$K:$K,"Critical") | D15: =COUNTIFS(Defects!$D:$D,$A15,Defects!$K:$K,"Major") | E15: =COUNTIF(Defects!$D:$D,$A15)
A16: =Lists!A13 | B16: =COUNTIFS(Defects!$D:$D,$A16,Defects!$L:$L,"Open") | C16: =COUNTIFS(Defects!$D:$D,$A16,Defects!$K:$K,"Critical") | D16: =COUNTIFS(Defects!$D:$D,$A16,Defects!$K:$K,"Major") | E16: =COUNTIF(Defects!$D:$D,$A16)
... A28: =Lists!A25 | B28: =COUNTIFS(Defects!$D:$D,$A28,Defects!$L:$L,"Open") | C28: =COUNTIFS(Defects!$D:$D,$A28,Defects!$K:$K,"Critical") | D28: =COUNTIFS(Defects!$D:$D,$A28,Defects!$K:$K,"Major") | E28: =COUNTIF(Defects!$D:$D,$A28)
A29: All modules | B29: =SUM(B5:B28) | C29: =SUM(C5:C28) | D29: =SUM(D5:D28) | E29: =SUM(E5:E28)
A31: By status
A32: =Lists!C2 | B32: =COUNTIF(Defects!$L:$L,$A32)
A33: =Lists!C3 | B33: =COUNTIF(Defects!$L:$L,$A33)
A34: =Lists!C4 | B34: =COUNTIF(Defects!$L:$L,$A34)
A35: =Lists!C5 | B35: =COUNTIF(Defects!$L:$L,$A35)
A36: =Lists!C6 | B36: =COUNTIF(Defects!$L:$L,$A36)
A37: =Lists!C7 | B37: =COUNTIF(Defects!$L:$L,$A37)
A38: =Lists!C8 | B38: =COUNTIF(Defects!$L:$L,$A38)
A39: =Lists!C9 | B39: =COUNTIF(Defects!$L:$L,$A39)

Sheet How to use
A1: NEXAUTO — Defect log
A3: One row per defect. | B3: Fill a row on the Defects sheet. The ID fills itself in.
A4: Module | B4: Pick from the dropdown. It is the one column that makes the Summary sheet work, so always set it.
A5: Role and Device | B5: Most of this app's bugs only show for one role, or only on a phone. Say which.
A6: Steps to reproduce | B6: Numbered, starting from signing in. If someone else cannot follow them, it will come back to you.
A7: Expected vs Actual | B7: Two separate boxes on purpose. "It is broken" is not a defect report.
A8: Severity | B8: How badly it hurts, not how annoyed you are.
A9: Status | B9: Move it along as it goes. Fixed — to retest means the developer is done, not that it works.
A10: Adding a module | B10: Type it on the Lists sheet. The dropdown picks it up straight away.
A11: Filter, do not sort | B11: The ID comes from the row number. Use the filter arrows to narrow the list — that is safe. If you genuinely need to re-sort, copy column A and Paste Special → Values first, or the IDs follow the rows.
A13: Severity
A14: Critical | B14: Work stops. Data is lost or wrong, or nobody can sign in.
A15: Major | B15: A job cannot be completed, but there is a way round it.
A16: Minor | B16: Wrong behaviour that does not stop the work.
A17: Cosmetic | B17: Looks or reads wrong. Works fine.
A19: A good example
A20: Module | B20: Orders list
A21: Role when seen | B21: Owner
A22: Device | B22: Phone
A23: Summary | B23: Money owed chip sits at the end of the filters, not next to Completed
A24: Steps to reproduce | B24: 1. Sign in as owner. 2. Close a job with "Has the money arrived?" = No. 3. Go to Orders and read the filter chips left to right.
A25: Expected result | B25: Money owed sits between Awaiting payment and Completed, the same order as the job's progress bar.
A26: Actual result | B26: Money owed is the last chip, after Declined.
A27: Severity | B27: Minor
A28: Status | B28: Fixed — to retest
